filename,label
000b43a3-d331-47ad-99a4-4c0fa9b48298.jpg,0
00172189-3156-48d7-bb1e-f0a922bc54b8.jpg,0
002aec7b-648e-4d1f-9463-a43c0304e774.jpg,0
007cd63a-333c-47f2-b2e2-193f76f7c684.jpg,0
00a326ba-7e9a-4bc1-8684-4bf404bfd6bb.jpg,0
00b77db3-7070-4cea-8d2c-c233d059327a.jpg,0
00b8e10a-04c6-42e6-8cbe-1db2920cc157.jpg,0
00c5815c-ffc2-4f50-89ec-bc9fe9416be3.jpg,0
01057890-0919-4433-9eca-a3381546b878.jpg,0
0107c785-2b90-4f90-b83f-0cb967c5c365.jpg,0
010cb6f7-4eee-4526-8a95-1e618b391a80.jpg,0
016113ea-6c8e-442a-826f-c3fc9aa03181.jpg,0
01639db7-852e-4dec-aa03-22b8be9e0e8b.jpg,0
018257ef-b3ab-43d8-bbc4-22816d0ecc8e.jpg,0
01a66513-c90b-4c6a-8ee7-09883d92f060.jpg,0
01b03646-7598-41b9-8e78-3274d8d002b3.jpg,0
01ebd302-ab04-425d-8ab5-f6431c9a2628.jpg,0
01f3cc24-31e9-4837-ad6b-c6c90223bd69.jpg,0
0210123e-6cf3-4d1d-b289-a86030b2b536.jpg,0
0210d23d-4dee-4fe7-9e3d-5ac9dbbac55a.jpg,0
022772dc-205c-48a1-bce9-cde6aa6732db.jpg,0
02343723-f45a-49c2-b9fc-a1b01d66905c.jpg,0
023e07e6-1033-4945-aed7-64d42e99eca4.jpg,0
025da6c2-2600-49a5-97f9-c4ee05a582b8.jpg,0
025ebcc0-71da-4e56-a1e3-51ffce62b029.jpg,0
026d8e51-6194-482e-ba00-b47c52b7d30c.jpg,0
027a6790-2990-44bc-9609-7e74a9a83759.jpg,0
02cfdff0-2833-4834-8d69-c9cef23cbc29.jpg,0
03119493-6f9a-46f2-a373-2cf293d34621.jpg,0
031f2130-8574-41f0-9649-6de8cec39228.jpg,0
0333983b-bcd7-4cbc-afeb-a0666a1b6cfe.jpg,0
0345c3ff-f05a-4f45-9fcc-f9739095b880.jpg,0
0366c77f-5a56-4cdb-9556-dde6a57dbdb6.jpg,0
037e25a9-1ec7-4635-989e-7ff030ef818c.jpg,0
038e5917-5c58-4942-91ab-27addc33f69a.jpg,0
03ace5b0-374b-4b50-b4c8-b63340ec2110.jpg,0
03bc2bb7-4113-469d-aadb-fb372569dd38.jpg,0
03c58f85-84e6-4968-aa53-6172c1519b0b.jpg,32
03fd6f2e-265e-46d7-aca6-4e40c3d6f417.jpg,0
0413282c-907e-4462-88a5-557b5a36690e.jpg,0
0419ee5f-72c4-44ee-8cd4-a0ff0813a5fc.jpg,0
04204291-6278-41e8-bf4d-b52c78f9e430.jpg,0
042b870f-97ec-42a0-afb3-2e9bbfd50e1a.jpg,19
044c7947-5e89-425f-95a1-598ba8b3dcef.jpg,0
04ca459d-e900-4ea2-b58e-502c0260bd12.jpg,0
04d72a54-266a-41b1-b242-b0aaa9470c3b.jpg,0
04e2d891-5ebe-435e-ac9b-908edc3576e1.jpg,10
04fb3b5e-1054-46b1-82c9-6405505e372f.jpg,0
04fee00f-cf53-4d34-b605-9723b8969fed.jpg,0
05074d30-a4d5-45ce-81f7-bca26139bb37.jpg,0
054626dc-1b3f-4ed9-94ed-89a186ca842f.jpg,0
05b43a0c-fcf8-4aab-ae72-79d98651d6d5.jpg,0
0603828f-f06a-4eda-97e2-8c52ff668d76.jpg,0
0605852a-9946-4532-8a7e-c1153187a58c.jpg,0
0614d155-d857-49da-8926-4ca76f36ae45.jpg,0
062d2ae4-5f8a-4c5a-afb2-29e12ba5266c.jpg,0
0661eb8f-e056-4bcd-9eea-5acb7d036d96.jpg,0
06a10a5e-f56e-42ba-be44-8fe19d1f2180.jpg,0
06c40b9c-1ace-45e9-86ac-d01d17df4683.jpg,0
06df2d3b-ff8a-4944-819e-2e9a78351808.jpg,0
06edd68c-2570-47a8-ba2e-634a0dc162a6.jpg,0
075e47d5-6d1b-4580-a432-38162a07faee.jpg,0
078640db-736c-4df2-9468-ca54ae1a8f73.jpg,0
07b5f42d-408e-49ae-9ff3-9feeeb28e9a2.jpg,0
07d1707c-536d-4c6b-88f6-c859eb1815cc.jpg,0
0836acd2-a7dc-4bff-b2a3-5790b7217c6f.jpg,0
084c34c9-6d68-4ee0-8357-fc5c7653d89c.jpg,0
08978415-c745-4409-96a0-1a0c382a39ce.jpg,0
089fdd2f-a222-4981-87a6-adc4a903e505.jpg,0
08c798cb-6a2f-4c57-9ffa-532d70ac7459.jpg,0
08cabc5c-881e-4684-ab5c-d6c3972d9624.jpg,0
08d6ccc4-d442-4066-a6d2-bad72c6c6121.jpg,0
08e78e1b-7c70-4ca3-9357-977359f34777.jpg,0
091a2551-83b9-4dd9-94d3-07409af64c48.jpg,0
095658f1-ddcc-402a-aef9-43dbdd33a98e.jpg,0
095cd66f-591e-464d-bdc3-1a1e1ec71676.jpg,0
097d3af2-d8e0-45ed-b68e-6a80a9f28f3a.jpg,0
09bd931c-b343-4450-81c7-e0415bbd94ac.jpg,0
09e1b157-5289-4306-8503-116cb7a410a3.jpg,0
09e1ca1b-5be7-4d96-8c5b-15e6682d4e6d.jpg,0
0a31cb8a-bf07-43e6-b950-4660b0ef74a5.jpg,0
0a328509-48f6-4aef-9dfc-a88b206a0d5b.jpg,0
0a4b5fe3-c9f9-4175-a863-53759a8b7cd7.jpg,0
0a550bc0-9b1f-4fa8-81cc-9b518af29c89.jpg,0
0a75569d-6904-43cb-8f3d-4c85244acf94.jpg,0
0aa19809-4a4f-4a1e-a8f1-089ef9636eef.jpg,0
0abb529a-a738-4232-8bd3-cff88e8a3066.jpg,0
0ac50138-e25f-47c3-8bf4-19af170a8d35.jpg,0
0acde6e8-2d73-400e-9058-995e23f310ab.jpg,0
0af5d3d9-281e-431a-8131-4c52d6df8dba.jpg,0
0aff21af-c6c6-4416-95f4-2b8a5b48f51e.jpg,0
0b013830-9ad6-4800-95a2-953c20d38be6.jpg,0
0b06797c-691c-4dc4-af17-aebaf5ebd383.jpg,0
0b1fd49c-22b7-45ee-9192-c09ce96fb50f.jpg,0
0b22f1cd-37ac-4b60-a76d-831a58d5c375.jpg,0
0b489f68-2973-4a4f-bef2-68eae5bbc221.jpg,0
0b528737-eef0-49a9-8477-b780072bc001.jpg,0
0b61a7c5-37f7-4551-a6c5-2472ee9a67d7.jpg,0
0b69d189-6dbc-4c9e-a81e-2efbecf176f4.jpg,6
0b7d917c-87d0-4cb6-93a4-341fb3b207f5.jpg,0
0b8d1390-9078-46da-bdc5-3c2a2efa764e.jpg,0
0b998e19-4c4a-403e-a8c7-101e52950571.jpg,2
0bee1033-f987-4212-9268-75940a008d34.jpg,0
0bf2f2d1-a2fb-485b-9ead-6fa7d77afaa8.jpg,0
0c02cfa4-52a3-47b8-9c8b-7560c78da6f9.jpg,0
0c419ca9-4c9d-4419-abfa-f612bbb837f6.jpg,0
0c7a6229-9d8c-4a1e-8c7b-4f7c0e4c5d4e.jpg,0
0c8fcee6-7084-4040-9fe4-ad0619ff8972.jpg,0
0cba657c-793b-424c-8c3d-dbdfd47e0cf3.jpg,0
0cd07be8-df7d-410a-ad2e-bfdc4327c25f.jpg,0
0d315e4c-63b6-44fb-aec2-bc87e66f335b.jpg,0
0d4ae384-6938-4aae-b013-30d749f570ca.jpg,0
0d5f2ca7-b809-4ac8-ad7b-ea5c194f86dd.jpg,0
0d988cc6-f863-48f4-84d6-871d93494b6e.jpg,0
0ddbba7c-9879-4234-ac4b-c2c310cef559.jpg,0
0ddf8dac-88b8-4bc4-ae27-2866970dce00.jpg,0
0e1e4952-d176-4e05-9cc2-3115a543c11b.jpg,0
0e283b22-13bb-4a6a-9084-ea523745b62d.jpg,0
0e3bae67-554c-41de-8fdf-8a72840c3dcc.jpg,0
0e3f4a25-159e-4bdc-a1b9-d8e1b97438c6.jpg,0
0e7e2377-dc4b-43c0-ad49-01731388822e.jpg,0
0e9a6a5e-6bce-455b-b547-d0aa284f9279.jpg,0
0eb39563-4f7a-4bb0-8d8b-6b3f5c7f3b6d.jpg,0
0eda7a37-95d9-4767-9cb2-31e90004c7c0.jpg,0
0ee15a2f-11ea-4122-bb13-a04e91099d0c.jpg,0
0efc5624-8e36-43ec-bead-891bbf056121.jpg,0
0f09c452-4bdf-482f-8733-6007a3f03fc8.jpg,0
0f502301-101a-4dc4-9337-d934d8911466.jpg,0
0f690769-97e2-4de9-882f-d4150abff813.jpg,0
0fa9b9e1-8496-400f-b388-22f9663e93ac.jpg,0
0fe6218d-7588-463e-b965-957e61245e89.jpg,0
10111eca-1d75-4da3-acea-4a48aa4f5cd6.jpg,0
1038153e-7925-41a9-95e0-0e71efdb5242.jpg,0
1079a704-beb6-4070-8469-c572db5c2b95.jpg,0
10a06e1d-33a6-4cea-8ea5-5c63f1002e6c.jpg,0
10ca73a0-f7d2-42af-8c86-bdfceb1cc791.jpg,0
10d98190-6ca9-4e68-90f9-8200eba0197e.jpg,0
10eee1c8-fc78-4aa6-8052-b87e1a69e81b.jpg,0
111276fa-0d49-4746-93c2-662ef19132a4.jpg,0
11148c04-2c6e-4727-ba4c-2c2aeb637a62.jpg,30
1150c42e-30f2-4d80-a00a-b45228e570d1.jpg,0
11682e01-6aee-4120-9de0-23d8899196bb.jpg,0
1178f9b5-61f0-4676-9b59-524a8daec4bb.jpg,0
11dcc7e4-c30f-4b15-8172-ad3e61513016.jpg,0
120bae0f-e239-4e6d-99cc-653932ef9518.jpg,0
123be0d1-2bc6-43f1-9822-c2f5d2a5b784.jpg,0
1252c982-52f0-41f2-9cfb-9a3a204a5d64.jpg,0
1286a6a9-dea1-4331-9b9a-b9e6a07e836a.jpg,0
12a80945-144e-4ff4-83d7-ec41805499d2.jpg,0
12ade9e1-d20d-44ee-bf22-9ece027ab4f0.jpg,0
12cff34d-96e1-47fe-bda9-8eb40f1307af.jpg,0
12d436b0-56af-4601-86ea-489a430846d7.jpg,0
1344516f-3a50-4679-aa64-eb8de0af8f18.jpg,0
135224a9-a342-4ea6-a039-495699177f73.jpg,0
135d433d-6435-4ebe-9c16-3c2443000a66.jpg,0
135dcf81-5fb6-4e3b-98ea-4d4df2e3d91f.jpg,0
136b0c34-1256-4623-bc27-c48dee2bd41e.jpg,0
139325ce-53b8-438e-a7ad-950d713b7478.jpg,0
139a4ce5-0154-4a7f-8bf9-abef59a666ee.jpg,0
13c5b7f7-d910-48fe-9f77-b6d8e6ea6d0b.jpg,0
13dd2ed0-149d-4d27-b97f-394f3246becc.jpg,0
13fe95e1-e35e-4807-ad17-c63c5cf7e307.jpg,0
141a9b41-0330-400d-98fe-57367450a921.jpg,0
142e9d63-a2c7-4e02-bd4f-98deac026e55.jpg,0
1430119b-cca8-4a7c-81c3-29ffba0b5be5.jpg,0
1450427e-f557-4e43-85f2-9bb121b660f1.jpg,0
146653ad-2062-4546-9769-a72905166d73.jpg,0
1493e114-11c3-4822-8390-38140ee6d988.jpg,10
1498ae49-7b0d-4f64-8149-ec72d402e3d7.jpg,0
14b06294-37de-4ee9-ac29-037620c2408f.jpg,0
14caf603-7b13-43db-bf2d-7ad107ed2828.jpg,0
14d13d28-ec82-439a-b275-4e40a31989a0.jpg,0
155b40db-1c07-46e3-a05e-17a942523062.jpg,0
1560f265-b232-46af-8366-e1ae3f58ad69.jpg,0
1568f1cf-7a74-48e8-8289-055f43966189.jpg,0
159a84ca-eb6d-4b5b-9c0e-d1594130888c.jpg,19
15a7c9ae-c494-42a9-9574-2bf01f1710e7.jpg,0
15b8b2c8-9c77-461f-8751-54d8f07919cd.jpg,0
15bf5506-55bb-4781-aa91-3078f7eea37c.jpg,32
15c4dde8-c333-4ecd-981a-ecf565b81203.jpg,0
15d6ed9f-98c4-44f2-9491-018f92c8d40a.jpg,0
1616333c-0caf-48db-bc2b-26bb5eb06376.jpg,0
1657f06c-43d9-4b4b-b048-bf7e3de184ee.jpg,0
16605439-73fc-4f29-91ad-2d1a66da1484.jpg,0
1662422a-8e08-4440-84d2-f55da6d8c4b5.jpg,0
16962ebc-cc55-4146-898f-2d6b3cdb9ba9.jpg,0
16a873a5-b205-4a25-abd6-912e614b9517.jpg,0
170d15c1-4b38-4628-bec0-8c2c80ec2d5a.jpg,0
1711a8eb-b2fc-4cc9-b5a7-450573bb68f1.jpg,0
171c839f-a741-473c-a590-008d10f40679.jpg,0
17482237-378b-4686-aad8-f6674ba99dd7.jpg,0
17972d1b-fb3f-4546-ac0e-029b8b090565.jpg,0
1797efec-ec30-4463-9357-c009243fe9e8.jpg,13
179a09cb-b8b5-4134-ad0a-2dfcede45e84.jpg,0
17b4b56c-cfaf-4c71-a74d-34409f408d45.jpg,0
17e7dfad-5057-4b3e-86f1-aafa7c87cbce.jpg,0
17f03fcb-1a54-4444-9d1f-da526891b2f4.jpg,0
181e2feb-7137-471c-afb6-01ec8969223e.jpg,0
1840742a-15e2-47fa-ad95-fd6954518abb.jpg,0
184b4d27-0185-43ed-b50b-4949bdd54b44.jpg,0
186dbf81-8caa-4589-be3c-5d96f210457b.jpg,0
18919569-8aea-4ef0-9f8a-0216973d0fb7.jpg,0
1895ede4-7c27-4733-9104-1dc2a5e0638b.jpg,0
189a90af-0dc3-4786-a51f-9788059c45ff.jpg,0
18a597a0-b4bc-40a2-992b-57762d8fe752.jpg,0
18bb8416-4950-480d-a557-ae735181fc74.jpg,0
19075e97-cea5-461e-adc0-08ad12540571.jpg,0
191c4dbc-9c85-4210-a252-563bc09df66a.jpg,13
1933aa9a-fd1b-4f27-b193-28564ef507fd.jpg,0
193c4899-a7b1-44bc-bb0c-973627305392.jpg,0
19c478ec-8471-4a8c-95b0-719a3d7599b6.jpg,0
19d6e020-ff3f-4460-8dd3-29099df31cd8.jpg,0
1b147d81-303b-4a73-bf71-8c70af15ebda.jpg,0
1b52b602-9087-4cd3-99ba-df741b5bf658.jpg,24
1b667e48-7a6e-45d0-9e84-268839c6d146.jpg,0
1be4f682-dd9e-4ef1-b1d3-f52fdadab8ad.jpg,0
1be79836-100d-45c0-9838-2b9ac5194829.jpg,0
1bf579b0-7523-4f73-9fb0-546e251e1db1.jpg,0
1c43ebfd-1c39-41a7-8372-eaeb2d25ee35.jpg,0
1c481879-02ed-4136-a43d-666b2c61a2b7.jpg,0
1c556a8d-7c8f-492a-bea0-635514e02b25.jpg,0
1c61ee2b-ffd9-4a5f-bff0-10c2bec4e9c9.jpg,0
1c8fa0d1-8418-4ee3-b1a8-827bacdc98c5.jpg,0
1c9c6214-d3b6-4efe-9cf8-f4b627a0dab6.jpg,0
1cb75c51-b2db-4941-9134-9d594b4c581b.jpg,0
1cbec44f-21bb-42b2-aa17-ec4b1206defa.jpg,0
1cbf0953-6f2e-4eb1-af6c-509d6d150030.jpg,0
1cd0cf96-a831-4f70-8534-cfb37436195f.jpg,0
1d2fc4f4-e427-435e-bb1c-9825933ecb52.jpg,0
1d916c89-8b7a-483b-b1d7-3bd1bebda6c6.jpg,0
1da34fe8-ebfe-4ec9-bc56-513c51e06dc0.jpg,0
1db55e75-b0e1-4b5e-88d5-753306c04872.jpg,0
1ddc10a8-a04f-40dd-bcc5-517ab19a8ed1.jpg,0
1e320616-3a00-4865-a2f3-15ec6f667457.jpg,0
1e5e0c58-db35-46ff-8d88-da3c08dfbbde.jpg,10
1eace85d-8ecb-47dc-9b12-ffbffd0e58e3.jpg,0
1ec5ca8c-ef1a-4a62-bcfd-15e73a0f90ac.jpg,0
1ed6e238-b3b8-4d38-8b4b-f8cd11d2ecd6.jpg,0
1f2dc48d-6bcb-4ded-8496-d4be8c6cb912.jpg,0
1fa9e305-8923-4c15-9d71-bdececfd904f.jpg,0
1faceaca-9eaa-48a7-9771-c3e120043c8e.jpg,26
1fb6b6f5-e9eb-49a3-a8be-9214480f983b.jpg,0
1fb93420-9309-4ae4-ab94-a9bcc179118a.jpg,0
1fd375ed-bf5a-427c-9fff-691f3935c458.jpg,0
2005a61f-6620-44d5-9f50-73f7ef0a2e17.jpg,0
206a487b-0a22-4cb7-a417-45bc81ebc206.jpg,0
2090b1b9-e7f2-44c5-94cc-22c5a45d46a0.jpg,0
20994ab0-b391-4e40-9da2-299769a2c6fd.jpg,0
20b82dc3-767b-4d48-8990-e13ce4cdda83.jpg,0
20bd0102-ad19-4fb6-b9d3-f2fc90e3083c.jpg,0
20cd9b29-3b4c-4907-a2ba-2fa8bcdbf23e.jpg,0
20d03ce2-764f-42c8-9304-6ba46ba3e4ab.jpg,0
219a933d-9e7c-4c42-82ab-2ab7c6ef35bc.jpg,0
21a53af1-3c0e-4c20-98ee-d1e96c5df20f.jpg,0
21a64da5-0f92-455e-bf98-97bccf5a9038.jpg,0
21a97c2d-1a84-4d07-bbd8-72302a38fa0f.jpg,0
21d0c4bb-a95d-4986-83e7-14bf8b7a783d.jpg,0
21f6c776-63e4-411c-8cbe-b6eef0632342.jpg,12
22093da9-d7d9-41a6-a8b5-4f86c058c6d4.jpg,0
22260303-e1fe-4d46-a406-0cb66e2e3516.jpg,0
224cda5d-2bbc-4727-a4e5-0360eeee4713.jpg,0
225c0ed2-72ab-4c98-b983-dbff30962199.jpg,0
2268dcb1-7cb2-48d5-9213-dc44bf3d0de0.jpg,0
228c66b2-d23a-48fe-ad0d-e1102a896dde.jpg,0
2299f7e1-e8fe-4365-bfef-209c78010ec8.jpg,0
229a129d-09dc-492a-8a32-9fd977c142d0.jpg,0
22aa3862-ff5b-4321-be2a-59e0d250fad4.jpg,0
22d11e00-62bc-4835-9566-fc0997f78552.jpg,0
23315bad-9b47-4076-86de-e7cb1d0e2a47.jpg,0
23725f38-b6a7-43ae-b09d-4cef426754ac.jpg,26
2385dc00-1179-4f6d-b37f-5bbcf52ca979.jpg,0
238b9426-633a-4fb7-b75d-90714b4c24ca.jpg,0
2402368f-3f92-4713-a31c-af74ce61c047.jpg,0
241869b1-916b-475f-9c61-8632f433f96d.jpg,0
242cb303-0e4c-42c9-9903-c9fc87c0c270.jpg,0
244d43f3-849e-4eb3-9710-be0c7b540595.jpg,0
24709412-0012-468c-9353-2b495a727d31.jpg,0
24a69b3d-214c-4511-bf46-adfaeaef5930.jpg,0
24eddc2d-61f9-4e0e-a170-ebdc4c92dee8.jpg,0
24f25ef5-b7ab-448d-8555-c8c0848224a3.jpg,0
2536066a-057f-4157-941d-a965bd2c8ec8.jpg,0
259699c2-4435-4860-9478-40431c26fba8.jpg,0
25a153f5-8439-4310-b819-068cc696a228.jpg,0
25ab3564-184a-4dc0-a801-3478b6509dd0.jpg,8
25b3b8ad-6751-4781-aa96-d3158eb1481c.jpg,0
25b6ebcd-f089-45ac-8124-bc0b1a885c74.jpg,0
25c0c063-c0cf-47e7-b7fb-2f29a7f688ae.jpg,0
25eaa6d8-bd7a-4254-9a5e-bdf87797bd8f.jpg,0
26127bd9-3e76-4a71-8023-7f7a0081b92a.jpg,0
26238753-5662-4998-9638-cba4f7efe7b5.jpg,0
262f6395-671e-433a-938c-9229a4f28b75.jpg,0
26e6e0b3-d5c6-45d4-a1fd-abc605cdc2a9.jpg,0
271c99b9-0786-42ff-9a65-1a084b9ca801.jpg,0
27318c00-3fd0-4db2-a301-cd78f717b3d8.jpg,0
273f80e7-8432-4553-8c78-bc05b55bcf52.jpg,0
2780d400-1ce7-4166-b160-8736afe3a090.jpg,0
279a6920-c93d-4137-bb84-88dfb427d566.jpg,0
27b88225-ec31-4da0-b4bf-8ff4619f7cec.jpg,0
27d33185-0590-4979-a0d2-584f6135015e.jpg,0
27e44412-b261-4d42-a1dd-b33221545624.jpg,0
27f687b2-8d97-41e9-9f45-9e4ffb573bd2.jpg,0
27ff5eee-b86b-4eae-9c0a-351022f28197.jpg,0
28c7784c-1173-4f19-90b9-0f72dc9e2c76.jpg,0
28ef1d50-0466-4bd1-84e7-3c00e8771451.jpg,0
290e56cf-e50f-4dc7-803f-bbb8d16abc19.jpg,0
291f7657-55c4-4c71-a6d4-461e3553b98b.jpg,23
291fc715-b036-4975-a19f-4e45752731bf.jpg,0
293327ac-66a8-4050-b917-952196fa3c1b.jpg,19
2965d76c-bcb7-4256-9bd6-6ccc748a503b.jpg,0
2987f2a4-c741-4ef3-8349-ca73c6ffd678.jpg,0
299e6848-7a1c-4167-a553-a0a83c8dfb05.jpg,0
29b84f26-7344-47e7-980a-5b4f80b7f604.jpg,0
29bb8028-bdfc-484e-b555-3cbedd04e522.jpg,0
29c27387-460f-42e1-a0dd-2b846b8b8653.jpg,0
29f272c4-3ae4-4b89-95fa-55d50dcfecf7.jpg,0
29f39799-6658-4110-929c-aa449181ddf8.jpg,0
29f5276c-508d-43e8-a20b-f262ab948e7b.jpg,0
2a497640-89ae-4993-b40f-b423e134449c.jpg,0
2a7dc6cd-6e41-4c9b-9e33-f6da19696f78.jpg,0
2a833797-92b8-461b-b3b3-37066bdc5e80.jpg,0
2a83855c-ac39-48f3-a7e7-baa9974c1478.jpg,0
2aad5700-dcaf-4019-8918-2b244198770d.jpg,0
2ad9aeda-a282-4300-8c41-9c0a51317077.jpg,0
2aee6fc6-b30f-4ffd-9340-395f92e1d685.jpg,0
2af77f78-edf9-4a93-a197-860dceb24456.jpg,0
2b108e2e-8685-4fd9-b595-72529bb0541f.jpg,0
2b11c1e9-9c55-4d21-86df-d05f0789c7bf.jpg,0
2b2f8710-37ab-4b10-be2c-14e40bf2af07.jpg,0
2b38cf70-de9f-4fa1-b82b-8f2ca5f45877.jpg,0
2b550116-151d-4068-bc51-713314edc92f.jpg,0
2b5616d3-b0af-4fc8-bddb-c125f6e76e3c.jpg,0
2b840b31-a21f-4cd7-8ae8-f4402544f810.jpg,0
2bc798d1-81fb-46bd-8c72-7b407164ab43.jpg,0
2beb4239-e8a4-4626-a284-7b6aa7180968.jpg,0
2c083898-d271-46d5-8e27-158b843fdd01.jpg,0
2c10bf47-a3da-4b47-aef5-e5eb6cb93ab1.jpg,0
2c13d26a-0606-4512-88e1-f4d5d1768110.jpg,0
2c459b1b-7db4-42bf-bcca-f97eea6ed5f5.jpg,0
2c4d005d-7029-439f-9591-af0ecae1cf94.jpg,19
2c5afb7d-56e8-4079-8d14-3ee220d24ea6.jpg,0
2c5fa512-d7a1-4bfc-b826-1228e032e8f1.jpg,0
2c743715-1082-42c1-90ff-0d63884be328.jpg,0
2ce9b885-1d74-467b-b33a-d60034a9406a.jpg,30
2d022099-31a3-41b8-8669-c079aaac88d4.jpg,0
2d054705-9a38-42c4-825e-f398c1bd6cef.jpg,0
2d064655-9bfe-48a7-a937-4d0cb9afae6f.jpg,0
2d0bf9f9-cd92-4395-9878-bd9116f3b178.jpg,0
2d1a72ce-d37f-4ebf-b766-4434ba2ebb75.jpg,0
2d426687-bfb2-4cb2-a5b9-8f06e8c933dc.jpg,0
2d4f207a-72c9-44c1-bf3c-3ed3251fb4e0.jpg,0
2d867865-7db9-49e9-9ea4-062db5c6f958.jpg,0
2d980f66-6a00-484d-803c-742eaa688e15.jpg,0
2ddbdfa9-86e1-4ba1-8048-a90be89e903e.jpg,0
2df054ab-d0de-4931-9837-ecc697c79bef.jpg,0
2df53f15-8633-4e8a-930c-ed045760d874.jpg,0
2e08fb88-abfc-4e80-83a4-db96b101b28f.jpg,0
2e0c6768-1b46-48dc-8041-8ae033cf7a27.jpg,0
2e28f2d9-699e-490c-a864-b6e78a4930cc.jpg,0
2e37054c-d248-4a07-bbd1-93c2ad5c4b64.jpg,0
2e8e877b-b8a1-47d2-bbc0-1bee76a6a48e.jpg,0
2eb80df7-a28a-4911-b83c-d09f30e5c0f6.jpg,0
2ebf72ca-4994-472c-9909-750c969d7404.jpg,0
2efe288c-2a54-4cb9-a4c9-db876b34787c.jpg,0
2f2ba164-c662-485c-9549-86d61638c018.jpg,0
2f3b2373-e77f-4a7a-b759-0dae2448c422.jpg,0
2f474ea8-31d3-4945-993b-1bb7ac28f76e.jpg,0
2f60e20a-66a0-4fea-8f86-284ab0456343.jpg,0
2fc6648b-67e2-4358-abcc-1247e4be6f1c.jpg,0
2fd2f026-2c0f-48d6-a170-f877749031dc.jpg,0
2feefdd0-7025-4293-926d-8c28ecda0999.jpg,0
300ac5b6-f24a-428a-9d5c-c7d5665e88be.jpg,0
309cd9fd-f851-4bb9-9cc3-1f0efdb81529.jpg,0
30a54edc-3771-4770-a190-ae6dfdbca413.jpg,0
30a55aef-31f6-4ce6-87e2-35b20df39441.jpg,0
30a830d3-ac91-4022-b34e-6bc7a8fa9a07.jpg,0
30aaa3c9-62ce-4fd3-8f6b-de37064c376b.jpg,0
30c6919e-4134-411e-ab07-93883a6da131.jpg,0
30e90db6-50e1-4c85-a93b-d7d862d0fc78.jpg,0
3119dd47-1d94-4dee-8a30-c28e4eda1215.jpg,0
31269442-d763-4708-8d09-080db6cd0a70.jpg,0
312dc4e9-703d-4ac3-96e9-442eefd3563b.jpg,0
3142062a-02d2-41d8-aa5b-00f5639eb9e1.jpg,0
314b6082-3220-4846-ad6e-67936e7690e4.jpg,0
316e18c5-d961-411a-993f-d31fc9e81882.jpg,0
3175b235-507e-4ebc-97fc-5b49e269f2f6.jpg,0
3184847e-39f0-49b2-a002-abc4588f90c5.jpg,0
31915a8e-3864-4cdc-b552-feb14a4f02da.jpg,0
319834dc-ff51-4629-8ceb-846087a8097b.jpg,0
31f625fa-8140-4c12-93b0-3b8df894183d.jpg,0
32254d13-8ace-40c4-89e9-e546cc203556.jpg,0
3273c94b-e200-4a38-878c-7913d7da2302.jpg,0
32acedfd-f751-4a8f-926c-c76b7cefa23a.jpg,0
32f0eaa5-2ffb-40b0-bfe6-b323a1645430.jpg,0
32fcf196-c3ff-4083-9cfa-37dbb60bb1bf.jpg,0
3395df45-c5e0-451b-b50c-1b1ff722e0fe.jpg,0
34102b13-f609-4899-bf2a-891ed1a93c16.jpg,0
341c581d-1c32-4a6d-96e7-4f348c916e6d.jpg,0
343233f8-32d5-4241-8c0c-424eda159844.jpg,1
346b4cf6-b614-4594-8d22-c8dae84bb6d2.jpg,0
34761374-49fb-4baa-9fca-087559d026b8.jpg,0
3478a7a3-4f93-4afd-97aa-a13364a5b2d7.jpg,0
3487beb1-9c0a-4e39-a234-e3f1b12a78b9.jpg,0
350a2ca6-cfe1-401f-9bb0-707406bf48a4.jpg,0
358503d7-0f3a-465d-8a6d-c5769914edb8.jpg,0
35ea25ea-3067-426d-bd0c-cb303e0a7a54.jpg,0
35f66ffb-7186-4046-a696-f6a72b87aa97.jpg,0
360fb53f-cd68-4f87-b7d3-fe9f2ee84918.jpg,0
362884d9-97d2-4c60-a5f4-c69bae638f34.jpg,0
363e5b5c-21e9-4ab6-b5a3-139bed25b108.jpg,0
3674ec6b-4b72-4a55-8ba8-205231e309be.jpg,0
3678a068-838e-4810-aba8-d0a752b2776d.jpg,0
36bcdd53-e9f0-474a-9aeb-5eb0e6fdfe4b.jpg,0
36c83a31-daa3-40ef-abf8-15146e12664c.jpg,0
36f0bfd3-3666-48bc-9cad-4eb928efdaee.jpg,0
3707f41a-1a87-4391-a462-fa5999f4902e.jpg,0
3744a804-2d54-4d65-9bfe-9874f53951fe.jpg,26
374ae42c-df05-42ec-a02d-d2eaac2f0e25.jpg,2
3792c827-b452-467a-9b09-17b33f33c379.jpg,18
37a529d3-4d37-4ded-9439-d67d0bce894c.jpg,0
37f7cdc0-0fe0-4f6f-b206-e91e190d006c.jpg,0
381a6724-cc9b-49ff-9461-05963f383893.jpg,0
385e61df-0871-4045-9473-148f3093d01c.jpg,0
38baa576-0539-4d75-9636-64ccbd70d1d5.jpg,0
395b42a7-854c-4a63-83bc-f88e23f377ad.jpg,12
3975640a-73a4-42db-ab2b-f59be2b4fe8f.jpg,0
39bbc9e9-920c-42ef-92a0-9e5bf95c536a.jpg,0
3a1ef391-1006-4d89-9c4c-2c032b1e052b.jpg,0
3a316da1-4b71-4846-a7b9-913260e69ca0.jpg,0
3a36cbc4-36f6-40f0-a483-12fa18f2ec0e.jpg,0
3a3760e1-6f61-4075-a4d1-a0e5115b05d7.jpg,0
3a4b1c5e-3c6c-4577-8230-9055d539f808.jpg,0
3a8e1b3e-805d-4b93-80b8-d47be8798402.jpg,0
3a97c813-b384-4dcb-9354-1c0513395021.jpg,0
3abbbebd-c08f-4064-9d33-716980435801.jpg,0
3abcd1d3-192b-45d2-a663-b567036242d0.jpg,26
3ac9704a-d0a4-4ef4-b1d6-77a35ca28818.jpg,0
3aebc104-7ed3-4c7c-958a-23ea5bebdad3.jpg,0
3af71a8f-eecf-4322-b392-d35126947750.jpg,0
3afbcf6c-cbf5-4cda-b3e9-9205bb4adf4a.jpg,0
3b01a4b0-ac76-496e-9ce9-ad5eedae0596.jpg,0
3b10cd16-afda-40e5-b167-248f10ad508d.jpg,0
3b3059c1-7e47-45e4-96ff-ea6d8b48089b.jpg,12
3b6c9301-a917-46f1-bce3-175736de1d1d.jpg,0
3b6df5a2-9dce-403e-ba52-22acb8892e93.jpg,13
3b7d383d-9218-4be1-8d65-390f1140db1f.jpg,0
3bb0724b-1d0d-4cb7-86dd-21a96b974b68.jpg,0
3bb5c22c-57aa-4e73-94ce-e6eaa84e8527.jpg,0
3be1f542-2d9d-4f8d-a39c-bd22d8bb3fdc.jpg,0
3c082650-8866-448e-836d-67d1b940747b.jpg,0
3c10cdbd-5e72-4495-ba05-a77edddba370.jpg,0
3c219b2f-e202-4748-912b-9e14b1d5469a.jpg,0
3c52fe43-b3ac-497b-ac00-2443b704a0ea.jpg,0
3c743637-42fe-4aef-a5b8-90b902c2cc44.jpg,0
3cd20528-966e-4f2c-9c24-1740ab3dd1e0.jpg,0
3d2cbd9c-88c5-4511-ac76-e1e0e6c3a60d.jpg,0
3d3d06f5-e402-4a20-9138-604bf1ddafc6.jpg,0
3d881bdd-c053-46d9-9577-7c4fe67ed51e.jpg,0
3d8f07be-d9ab-4875-a55d-5a81a227c466.jpg,0
3dccd44a-12d6-4308-8281-5b3a894cb2b8.jpg,0
3e0d3197-3463-43c9-8d9d-027e78b3a626.jpg,0
3e24a251-3933-4138-9bd9-e2e61db26471.jpg,0
3e2bd126-684b-46c6-b77c-3446036d65a8.jpg,0
3e577d3d-1407-4f19-a40e-02d27d8204fc.jpg,0
3e645fd2-feef-4597-b01a-9a249caf220b.jpg,0
3e832d87-c33f-460b-b775-bf6adfc9d75d.jpg,0
3e91d7d3-eebf-481a-a993-18259d514657.jpg,0
3ec4733e-e0d1-4ed4-8352-e1893877e116.jpg,0
3ed339a2-7b54-4a92-98c9-2a994f74d28c.jpg,0
3edf29e2-b273-447b-9827-f23a4881abcb.jpg,19
3f00871f-8e7e-4864-b71b-1e552fab7efb.jpg,0
3f3e1212-19f8-4cb4-982a-89225fa81726.jpg,0
3f59b936-e518-4c4e-9863-2bb7d7354925.jpg,0
3f8dc596-b473-46e3-adbb-1425c8eeedf5.jpg,0
3f9c19ba-52c6-4664-92d6-403b8a2724ac.jpg,0
3fd6a073-4f12-4ff2-8ef3-24a113e846f7.jpg,0
3fe184f4-5382-4ba2-835c-5448b80dc27c.jpg,0
3ff5f2be-8588-4cf9-b62f-934b18208746.jpg,0
3fff727b-ae1a-4e60-9a7a-2bfb7927b5c4.jpg,0
400b86e4-9ccc-439e-b3cf-31f23936a9b6.jpg,0
400d69d2-54e4-45d9-ada1-8265e111dd17.jpg,0
401bb97f-2600-4413-a49c-ded862bda953.jpg,17
403ebf49-706e-4d0f-a00b-24b055706b04.jpg,0
406bc74b-efd7-4579-906f-97d7eb590e1b.jpg,0
4095b38e-7eee-46d5-848d-a7ac690d5f0c.jpg,0
40bf6133-8ebe-4811-97cb-67ba18c3c5de.jpg,0
40c6159e-49a2-4c82-9794-c8708dcf2c89.jpg,0
40c64ea1-5e92-4169-8de4-3870c752e0de.jpg,0
40d3b74b-cc55-4008-ba6c-22d3e6b6e65e.jpg,23
40dcb498-d857-40fa-8a43-3794dbb5c5dc.jpg,0
40e86702-105b-4e3e-9f55-ca319e222d32.jpg,0
40f687e3-1f57-45d9-954c-ab158660eb55.jpg,0
41116461-92ef-4492-a0a5-e4a21a0fb45e.jpg,0
4153d4c9-914d-45b0-9e5d-633c4e9bc243.jpg,0
4172cc9e-45c6-4386-a5ee-51792fdc435a.jpg,0
41766250-fe91-46ff-9c0a-15215eaf2faf.jpg,0
41915426-26ff-4925-add9-d733b738fb6c.jpg,0
41c25599-818b-4524-9b58-7ae77e8e14f1.jpg,0
41d587e5-8572-4696-978c-124a93b9c027.jpg,17
41f19cc7-5ffa-4bc2-b443-d3898d3316d8.jpg,0
420d6df4-f0e6-4802-bdea-ce2e8a3323f4.jpg,0
